"datetime","wtemp"
2019-09-01 08:00:00,30.37
2019-09-01 09:00:00,30.405
2019-09-01 10:00:00,30.46
2019-09-01 11:00:00,30.465
2019-09-01 12:00:00,30.595
2019-09-01 13:00:00,30.585
2019-09-01 14:00:00,30.645
2019-09-01 15:00:00,30.6
2019-09-01 16:00:00,30.585
2019-09-01 17:00:00,30.58
2019-09-01 18:00:00,30.6
2019-09-01 19:00:00,30.555
2019-09-02 08:00:00,30.16
2019-09-02 09:00:00,30.175
2019-09-02 10:00:00,30.26
2019-09-02 11:00:00,30.32
2019-09-02 12:00:00,30.45
2019-09-02 13:00:00,30.56
2019-09-02 14:00:00,30.74
2019-09-02 15:00:00,30.895
2019-09-02 16:00:00,30.885
2019-09-02 17:00:00,30.89
2019-09-02 18:00:00,30.84
2019-09-02 19:00:00,30.795
2019-09-03 08:00:00,30.06
2019-09-03 09:00:00,30.095
2019-09-03 10:00:00,30.135
2019-09-03 11:00:00,30.215
2019-09-03 12:00:00,30.31
2019-09-03 13:00:00,30.315
2019-09-03 14:00:00,30.36
2019-09-03 15:00:00,30.51
2019-09-03 16:00:00,30.53
2019-09-03 17:00:00,30.51
2019-09-03 18:00:00,30.455
2019-09-03 19:00:00,30.38
2019-09-04 08:00:00,29.77
2019-09-04 09:00:00,29.75
2019-09-04 10:00:00,29.72
2019-09-04 11:00:00,29.71
2019-09-04 12:00:00,29.72
2019-09-04 13:00:00,29.715
2019-09-04 14:00:00,29.685
2019-09-04 16:00:00,29.66
2019-09-04 17:00:00,29.645
2019-09-04 18:00:00,29.605
2019-09-04 19:00:00,29.595
2019-09-05 08:00:00,29.23
2019-09-05 09:00:00,29.225
2019-09-05 10:00:00,29.3
2019-09-05 11:00:00,29.425
2019-09-05 12:00:00,29.55
2019-09-05 13:00:00,29.675
2019-09-05 14:00:00,29.865
2019-09-05 15:00:00,29.98
2019-09-05 16:00:00,30.13
2019-09-05 17:00:00,30.17
2019-09-05 18:00:00,30.175
2019-09-05 19:00:00,30.15
2019-09-06 08:00:00,29.42
2019-09-06 09:00:00,29.455
2019-09-06 10:00:00,29.595
2019-09-06 11:00:00,29.795
2019-09-06 12:00:00,29.995
2019-09-06 13:00:00,30.19
2019-09-06 14:00:00,30.34
2019-09-06 15:00:00,30.49
2019-09-06 16:00:00,30.69
2019-09-06 17:00:00,30.785
2019-09-06 18:00:00,30.82
2019-09-06 19:00:00,30.825
2019-09-07 08:00:00,29.615
2019-09-07 09:00:00,29.655
2019-09-07 10:00:00,29.805
2019-09-07 11:00:00,29.87
2019-09-07 12:00:00,30.075
2019-09-07 13:00:00,30.22
2019-09-07 14:00:00,30.6
2019-09-07 16:00:00,30.53
2019-09-07 19:00:00,31.05
2019-09-08 08:00:00,29.91
2019-09-08 09:00:00,29.95
2019-09-08 10:00:00,30.04
2019-09-08 11:00:00,30.125
2019-09-08 12:00:00,30.375
2019-09-08 13:00:00,30.61
2019-09-08 14:00:00,30.78
2019-09-08 15:00:00,30.885
2019-09-08 16:00:00,31
2019-09-08 17:00:00,31.02
2019-09-08 18:00:00,31.16
2019-09-08 19:00:00,31.21
2019-09-09 08:00:00,30.26
2019-09-09 09:00:00,30.285
2019-09-09 10:00:00,30.41
2019-09-09 11:00:00,30.455
2019-09-09 12:00:00,30.6
2019-09-09 13:00:00,30.945
2019-09-09 14:00:00,31.205
2019-09-09 15:00:00,31.245
2019-09-09 16:00:00,31.235
2019-09-09 17:00:00,31.37
2019-09-09 18:00:00,31.4
2019-09-10 08:00:00,30.425
2019-09-10 09:00:00,30.455
2019-09-10 10:00:00,30.54
2019-09-10 11:00:00,30.665
2019-09-10 12:00:00,30.87
2019-09-10 13:00:00,31.14
2019-09-10 14:00:00,31.35
2019-09-10 15:00:00,31.41
2019-09-10 16:00:00,31.425
2019-09-10 17:00:00,31.395
2019-09-10 18:00:00,31.31
2019-09-10 19:00:00,31.18
2019-09-11 08:00:00,30.36
2019-09-11 09:00:00,30.385
2019-09-11 10:00:00,30.45
2019-09-11 11:00:00,30.51
2019-09-11 12:00:00,30.6
2019-09-11 13:00:00,30.755
2019-09-11 14:00:00,30.855
2019-09-11 15:00:00,30.955
2019-09-11 16:00:00,31.02
2019-09-11 17:00:00,31.015
2019-09-11 18:00:00,30.95
2019-09-11 19:00:00,30.91
2019-09-12 08:00:00,30.235
2019-09-12 09:00:00,30.24
2019-09-12 15:00:00,30.69
2019-09-12 16:00:00,30.75
2019-09-12 17:00:00,30.73
2019-09-12 18:00:00,30.69
2019-09-12 19:00:00,30.65
2019-09-13 08:00:00,30.12
2019-09-13 09:00:00,30.115
2019-09-13 10:00:00,30.16
2019-09-13 11:00:00,30.26
2019-09-13 12:00:00,30.27
2019-09-13 13:00:00,30.31
2019-09-13 14:00:00,30.385
2019-09-13 15:00:00,30.395
2019-09-13 16:00:00,30.39
2019-09-13 18:00:00,30.36
2019-09-13 19:00:00,30.31
2019-09-14 08:00:00,29.86
2019-09-14 09:00:00,29.88
2019-09-14 10:00:00,29.885
2019-09-14 11:00:00,29.89
2019-09-14 12:00:00,29.98
2019-09-14 13:00:00,30.07
2019-09-14 14:00:00,30.14
2019-09-14 15:00:00,30.225
2019-09-14 16:00:00,30.275
2019-09-14 17:00:00,30.28
2019-09-14 18:00:00,30.25
2019-09-14 19:00:00,30.21
2019-09-15 08:00:00,29.715
2019-09-15 09:00:00,29.735
2019-09-15 10:00:00,29.83
2019-09-15 11:00:00,29.94
2019-09-15 12:00:00,30.035
2019-09-15 13:00:00,30.115
2019-09-15 14:00:00,30.19
2019-09-15 15:00:00,30.29
2019-09-15 16:00:00,30.34
2019-09-15 17:00:00,30.345
2019-09-15 18:00:00,30.325
2019-09-16 08:00:00,29.73
2019-09-16 09:00:00,29.76
2019-09-16 10:00:00,29.875
2019-09-16 11:00:00,30.055
2019-09-16 12:00:00,30.155
2019-09-16 13:00:00,30.26
2019-09-16 14:00:00,30.435
2019-09-16 15:00:00,30.575
2019-09-16 16:00:00,30.73
2019-09-16 17:00:00,30.8
2019-09-16 18:00:00,30.72
2019-09-16 19:00:00,30.71
2019-09-17 08:00:00,29.755
2019-09-17 09:00:00,29.79
2019-09-17 10:00:00,29.895
2019-09-17 11:00:00,30.08
2019-09-17 12:00:00,30.275
2019-09-17 13:00:00,30.455
2019-09-17 14:00:00,30.51
2019-09-17 15:00:00,30.7
2019-09-17 16:00:00,30.79
2019-09-17 17:00:00,30.81
2019-09-17 18:00:00,30.745
2019-09-17 19:00:00,30.65
2019-09-18 08:00:00,29.73
2019-09-18 09:00:00,29.775
2019-09-18 10:00:00,29.89
2019-09-18 11:00:00,29.985
2019-09-18 12:00:00,30.135
2019-09-18 13:00:00,30.265
2019-09-18 14:00:00,30.36
2019-09-18 15:00:00,30.435
2019-09-18 16:00:00,30.52
2019-09-18 17:00:00,30.51
2019-09-18 18:00:00,30.435
2019-09-19 08:00:00,29.57
2019-09-19 10:00:00,29.595
2019-09-19 11:00:00,29.65
2019-09-19 12:00:00,29.7
2019-09-19 13:00:00,29.73
2019-09-19 14:00:00,29.75
2019-09-19 15:00:00,29.77
2019-09-19 16:00:00,29.735
2019-09-19 17:00:00,29.71
2019-09-19 18:00:00,29.685
2019-09-20 08:00:00,29.145
2019-09-20 09:00:00,29.16
2019-09-20 10:00:00,29.23
2019-09-20 11:00:00,29.335
2019-09-20 12:00:00,29.365
2019-09-20 13:00:00,29.42
2019-09-20 14:00:00,29.455
2019-09-20 15:00:00,29.485
2019-09-20 17:00:00,29.465
2019-09-20 18:00:00,29.385
2019-09-20 19:00:00,29.35
2019-09-21 08:00:00,28.86
2019-09-21 09:00:00,28.85
2019-09-21 10:00:00,28.895
2019-09-21 11:00:00,28.94
2019-09-21 12:00:00,28.965
2019-09-21 13:00:00,29.03
2019-09-21 14:00:00,29.04
2019-09-21 15:00:00,29.095
2019-09-21 16:00:00,29.115
2019-09-21 17:00:00,29.1
2019-09-21 18:00:00,29.05
2019-09-21 19:00:00,29
2019-09-22 08:00:00,28.565
2019-09-22 09:00:00,28.575
2019-09-22 10:00:00,28.655
2019-09-22 11:00:00,28.695
2019-09-22 12:00:00,28.8
2019-09-22 13:00:00,28.93
2019-09-22 14:00:00,29.02
2019-09-22 15:00:00,29.1
2019-09-22 16:00:00,29.16
2019-09-22 17:00:00,29.165
2019-09-22 18:00:00,29.12
2019-09-23 08:00:00,28.44
2019-09-23 09:00:00,28.46
2019-09-23 10:00:00,28.515
2019-09-23 11:00:00,28.595
2019-09-23 12:00:00,28.71
2019-09-23 13:00:00,28.765
2019-09-23 14:00:00,28.84
2019-09-23 15:00:00,28.97
2019-09-23 16:00:00,29.06
2019-09-23 17:00:00,29.08
2019-09-23 18:00:00,29.025
2019-09-23 19:00:00,28.95
2019-09-24 08:00:00,28.285
2019-09-24 09:00:00,28.305
2019-09-24 10:00:00,28.38
2019-09-24 12:00:00,28.735
2019-09-24 13:00:00,28.885
2019-09-24 14:00:00,29.155
2019-09-24 15:00:00,29.445
2019-09-24 16:00:00,29.62
2019-09-24 17:00:00,29.7
2019-09-24 18:00:00,29.69
2019-09-24 19:00:00,29.63
2019-09-25 08:00:00,28.395
2019-09-25 09:00:00,28.41
2019-09-25 10:00:00,28.55
2019-09-25 11:00:00,28.715
2019-09-25 12:00:00,28.91
2019-09-25 13:00:00,29.08
2019-09-25 14:00:00,29.4
2019-09-25 15:00:00,29.685
2019-09-25 16:00:00,29.95
2019-09-25 17:00:00,30.11
2019-09-25 18:00:00,30.05
2019-09-25 19:00:00,29.97
2019-09-26 08:00:00,28.71
2019-09-26 09:00:00,28.7
2019-09-26 10:00:00,28.765
2019-09-26 11:00:00,28.96
2019-09-26 12:00:00,29.15
2019-09-26 13:00:00,29.265
2019-09-26 14:00:00,29.465
2019-09-26 15:00:00,29.67
2019-09-26 16:00:00,29.905
2019-09-26 17:00:00,29.975
2019-09-26 18:00:00,29.965
2019-09-26 19:00:00,29.96
2019-09-27 09:00:00,28.96
2019-09-27 10:00:00,29.075
2019-09-27 11:00:00,29.25
2019-09-27 12:00:00,29.3
2019-09-27 13:00:00,29.63
2019-09-27 14:00:00,29.965
2019-09-27 16:00:00,30.04
2019-09-27 17:00:00,29.9
2019-09-27 18:00:00,29.855
2019-09-27 19:00:00,29.75
2019-09-28 08:00:00,28.845
2019-09-28 09:00:00,28.885
2019-09-28 10:00:00,28.985
2019-09-28 11:00:00,29.085
2019-09-28 12:00:00,29.175
2019-09-28 13:00:00,29.265
2019-09-28 14:00:00,29.31
2019-09-28 15:00:00,29.36
2019-09-28 16:00:00,29.37
2019-09-28 17:00:00,29.275
2019-09-28 18:00:00,29.18
2019-09-28 19:00:00,29.13
2019-09-29 08:00:00,28.57
2019-09-29 09:00:00,28.595
2019-09-29 10:00:00,28.685
2019-09-29 11:00:00,28.805
2019-09-29 12:00:00,28.9
2019-09-29 13:00:00,29.05
2019-09-29 14:00:00,29.145
2019-09-29 15:00:00,29.275
2019-09-29 16:00:00,29.32
2019-09-29 17:00:00,29.3
2019-09-29 18:00:00,29.215
2019-09-30 08:00:00,28.57
2019-09-30 09:00:00,28.615
2019-09-30 10:00:00,28.705
2019-09-30 11:00:00,28.8
2019-09-30 12:00:00,28.89
2019-09-30 13:00:00,29.045
2019-09-30 14:00:00,29.165
2019-09-30 15:00:00,29.27
2019-09-30 16:00:00,29.31
2019-09-30 17:00:00,29.3
2019-09-30 18:00:00,29.255
2019-09-30 19:00:00,29.23
2019-10-01 08:00:00,28.6
2019-10-01 09:00:00,28.62
2019-10-01 10:00:00,28.695
2019-10-01 11:00:00,28.755
2019-10-01 12:00:00,28.83
2019-10-01 13:00:00,28.945
2019-10-01 14:00:00,29.015
2019-10-01 15:00:00,29.1
2019-10-01 16:00:00,29.09
2019-10-01 17:00:00,29.045
2019-10-01 18:00:00,29.035
2019-10-02 08:00:00,28.56
2019-10-02 09:00:00,28.585
2019-10-02 10:00:00,28.62
2019-10-02 11:00:00,28.705
2019-10-02 12:00:00,28.835
2019-10-02 13:00:00,28.885
2019-10-02 14:00:00,29.005
2019-10-02 15:00:00,29.115
2019-10-02 16:00:00,29.145
2019-10-02 17:00:00,29.15
2019-10-02 18:00:00,29.095
2019-10-02 19:00:00,29.08
2019-10-03 08:00:00,28.48
2019-10-03 09:00:00,28.505
2019-10-03 10:00:00,28.575
2019-10-03 11:00:00,28.68
2019-10-03 12:00:00,28.81
2019-10-03 13:00:00,28.98
2019-10-03 14:00:00,29.095
2019-10-03 15:00:00,29.245
2019-10-03 16:00:00,29.315
2019-10-03 17:00:00,29.33
2019-10-03 18:00:00,29.295
2019-10-03 19:00:00,29.24
2019-10-04 08:00:00,28.38
2019-10-04 09:00:00,28.4
2019-10-04 10:00:00,28.495
2019-10-04 11:00:00,28.61
2019-10-04 12:00:00,28.785
2019-10-04 13:00:00,28.9
2019-10-04 14:00:00,29.11
2019-10-04 15:00:00,29.29
2019-10-04 16:00:00,29.165
2019-10-04 17:00:00,29.745
2019-10-04 18:00:00,29.565
2019-10-04 19:00:00,29.34
2019-10-05 08:00:00,28.375
2019-10-05 09:00:00,28.395
2019-10-05 10:00:00,28.49
2019-10-05 11:00:00,28.57
2019-10-05 12:00:00,28.65
2019-10-05 13:00:00,28.74
2019-10-05 14:00:00,28.775
2019-10-05 15:00:00,28.83
2019-10-05 16:00:00,28.86
2019-10-05 17:00:00,28.885
2019-10-05 18:00:00,28.845
2019-10-05 19:00:00,28.77
2019-10-05 20:00:00,28.705
2019-10-05 21:00:00,28.645
2019-10-05 22:00:00,28.585
2019-10-05 23:00:00,28.525
2019-10-06 08:00:00,28.23
2019-10-06 09:00:00,28.245
2019-10-06 11:00:00,28.235
2019-10-06 12:00:00,28.255
2019-10-06 13:00:00,28.28
2019-10-06 15:00:00,28.31
2019-10-06 16:00:00,28.345
2019-10-06 17:00:00,28.335
2019-10-06 18:00:00,28.31
2019-10-06 19:00:00,28.3
2019-10-07 10:00:00,28.025
2019-10-07 11:00:00,28.095
2019-10-07 12:00:00,28.13
2019-10-07 13:00:00,28.355
2019-10-07 14:00:00,28.32
2019-10-07 15:00:00,28.33
2019-10-07 16:00:00,28.3
2019-10-08 08:00:00,27.675
2019-10-08 09:00:00,27.69
2019-10-08 16:00:00,28.06
2019-10-08 17:00:00,28.045
2019-10-08 18:00:00,28
2019-10-08 19:00:00,27.965
2019-10-08 20:00:00,27.93
2019-10-08 21:00:00,27.88
2019-10-08 22:00:00,27.835
2019-10-08 23:00:00,27.8
2019-10-09,27.765
2019-10-09 01:00:00,27.735
2019-10-09 02:00:00,27.715
2019-10-09 03:00:00,27.685
2019-10-09 04:00:00,27.66
2019-10-09 05:00:00,27.645
2019-10-09 06:00:00,27.61
2019-10-09 07:00:00,27.595
2019-10-09 08:00:00,27.57
2019-10-09 09:00:00,27.575
2019-10-09 10:00:00,27.61
2019-10-09 11:00:00,27.655
2019-10-09 12:00:00,27.705
2019-10-09 13:00:00,27.73
2019-10-09 14:00:00,27.8
2019-10-09 15:00:00,27.855
2019-10-09 16:00:00,27.835
2019-10-09 17:00:00,27.81
2019-10-09 18:00:00,27.76
2019-10-09 19:00:00,27.695
2019-10-09 20:00:00,27.67
2019-10-09 21:00:00,27.63
2019-10-09 22:00:00,27.605
2019-10-09 23:00:00,27.57
2019-10-10,27.535
2019-10-10 01:00:00,27.505
2019-10-10 02:00:00,27.485
2019-10-10 03:00:00,27.455
2019-10-10 04:00:00,27.425
2019-10-10 05:00:00,27.395
2019-10-10 06:00:00,27.35
2019-10-10 07:00:00,27.31
2019-10-10 08:00:00,27.28
2019-10-10 09:00:00,27.265
2019-10-10 10:00:00,27.285
2019-10-10 11:00:00,27.335
2019-10-10 12:00:00,27.41
2019-10-10 13:00:00,27.52
2019-10-10 14:00:00,27.605
2019-10-10 15:00:00,27.66
2019-10-10 16:00:00,27.705
2019-10-10 17:00:00,27.725
2019-10-10 18:00:00,27.68
2019-10-10 19:00:00,27.595
2019-10-10 20:00:00,27.52
2019-10-10 21:00:00,27.445
2019-10-10 22:00:00,27.385
2019-10-10 23:00:00,27.335
2019-10-11,27.285
2019-10-11 01:00:00,27.235
2019-10-11 02:00:00,27.2
2019-10-11 03:00:00,27.165
2019-10-11 04:00:00,27.13
2019-10-11 05:00:00,27.1
2019-10-11 06:00:00,27.075
2019-10-11 07:00:00,27.045
2019-10-11 08:00:00,27.02
2019-10-11 09:00:00,27.03
2019-10-11 10:00:00,27.065
2019-10-11 11:00:00,27.175
2019-10-11 12:00:00,27.315
2019-10-11 13:00:00,27.44
2019-10-11 14:00:00,27.54
2019-10-11 15:00:00,27.62
2019-10-11 16:00:00,27.665
2019-10-11 17:00:00,27.635
2019-10-11 18:00:00,27.6
2019-10-11 19:00:00,27.48
2019-10-11 20:00:00,27.415
2019-10-11 21:00:00,27.355
2019-10-11 22:00:00,27.3
2019-10-11 23:00:00,27.235
2019-10-12,27.185
2019-10-12 01:00:00,27.13
2019-10-12 02:00:00,27.085
2019-10-12 03:00:00,27.04
2019-10-12 04:00:00,27.01
2019-10-12 05:00:00,26.985
2019-10-12 06:00:00,26.95
2019-10-12 07:00:00,26.92
2019-10-12 08:00:00,26.89
2019-10-12 09:00:00,26.915
2019-10-12 10:00:00,26.98
2019-10-12 11:00:00,27.135
2019-10-12 12:00:00,27.26
2019-10-12 13:00:00,27.385
2019-10-12 14:00:00,27.66
2019-10-12 15:00:00,27.825
2019-10-12 16:00:00,27.87
2019-10-12 17:00:00,27.79
2019-10-12 18:00:00,27.61
2019-10-12 19:00:00,27.46
2019-10-12 20:00:00,27.395
2019-10-12 21:00:00,27.335
2019-10-12 22:00:00,27.275
2019-10-12 23:00:00,27.2
2019-10-13,27.135
2019-10-13 01:00:00,27.07
2019-10-13 02:00:00,27.025
2019-10-13 03:00:00,26.975
2019-10-13 04:00:00,26.93
2019-10-13 05:00:00,26.89
2019-10-13 06:00:00,26.86
2019-10-13 07:00:00,26.83
2019-10-13 08:00:00,26.8
2019-10-13 09:00:00,26.815
2019-10-13 10:00:00,26.945
2019-10-13 11:00:00,27.08
2019-10-13 12:00:00,27.21
2019-10-13 13:00:00,27.46
2019-10-13 14:00:00,27.82
2019-10-13 15:00:00,28.16
2019-10-13 16:00:00,28.325
2019-10-13 17:00:00,28.34
2019-10-13 18:00:00,28.27
2019-10-13 19:00:00,28.175
2019-10-13 20:00:00,27.97
2019-10-13 21:00:00,27.76
2019-10-13 22:00:00,27.605
2019-10-13 23:00:00,27.48
2019-10-14,27.375
2019-10-14 01:00:00,27.29
2019-10-14 02:00:00,27.215
2019-10-14 03:00:00,27.14
2019-10-14 04:00:00,27.075
2019-10-14 05:00:00,27.015
2019-10-14 06:00:00,26.97
2019-10-14 07:00:00,26.92
2019-10-14 08:00:00,26.9
2019-10-14 09:00:00,26.92
2019-10-14 10:00:00,27.035
2019-10-14 11:00:00,27.105
2019-10-14 12:00:00,27.215
2019-10-14 13:00:00,27.405
2019-10-14 14:00:00,27.76
2019-10-14 15:00:00,27.79
2019-10-14 16:00:00,27.63
2019-10-14 17:00:00,27.695
2019-10-14 18:00:00,28.08
2019-10-14 19:00:00,27.87
2019-10-14 20:00:00,27.785
2019-10-14 21:00:00,27.755
2019-10-14 22:00:00,27.63
2019-10-14 23:00:00,27.45
2019-10-15,27.35
2019-10-15 01:00:00,27.275
2019-10-15 02:00:00,27.21
2019-10-15 03:00:00,27.155
2019-10-15 04:00:00,27.11
2019-10-15 05:00:00,27.075
2019-10-15 06:00:00,27.045
2019-10-15 07:00:00,27.02
2019-10-15 08:00:00,27.005
2019-10-15 09:00:00,27
2019-10-15 10:00:00,27.04
2019-10-15 11:00:00,27.185
2019-10-15 12:00:00,27.315
2019-10-15 13:00:00,27.565
2019-10-15 14:00:00,27.78
2019-10-15 15:00:00,27.94
2019-10-15 16:00:00,27.99
2019-10-15 17:00:00,28.02
2019-10-15 18:00:00,27.93
2019-10-15 19:00:00,27.775
2019-10-15 20:00:00,27.675
2019-10-15 21:00:00,27.575
2019-10-15 22:00:00,27.45
2019-10-15 23:00:00,27.355
2019-10-16,27.305
2019-10-16 01:00:00,27.255
2019-10-16 02:00:00,27.21
2019-10-16 03:00:00,27.17
2019-10-16 04:00:00,27.13
2019-10-16 05:00:00,27.105
2019-10-16 06:00:00,27.08
2019-10-16 07:00:00,27.06
2019-10-16 08:00:00,27.045
2019-10-16 09:00:00,27.05
2019-10-16 10:00:00,27.105
2019-10-16 11:00:00,27.205
2019-10-16 13:00:00,27.275
2019-10-16 14:00:00,27.43
2019-10-16 15:00:00,27.485
2019-10-16 16:00:00,27.465
2019-10-16 17:00:00,27.445
2019-10-16 18:00:00,27.44
2019-10-16 19:00:00,27.395
2019-10-16 20:00:00,27.37
2019-10-16 21:00:00,27.315
2019-10-16 22:00:00,27.28
2019-10-16 23:00:00,27.24
2019-10-17,27.2
2019-10-17 01:00:00,27.155
2019-10-17 02:00:00,27.13
2019-10-17 03:00:00,27.1
2019-10-17 04:00:00,27.045
2019-10-17 05:00:00,27.02
2019-10-17 06:00:00,26.99
2019-10-17 07:00:00,26.925
2019-10-17 08:00:00,26.885
2019-10-17 09:00:00,26.87
2019-10-17 11:00:00,26.92
2019-10-17 12:00:00,27
2019-10-17 13:00:00,27.06
2019-10-17 14:00:00,27.095
2019-10-17 15:00:00,27.14
2019-10-17 16:00:00,27.125
2019-10-17 17:00:00,27.065
2019-10-17 18:00:00,27.005
2019-10-17 19:00:00,26.93
2019-10-17 20:00:00,26.87
2019-10-17 21:00:00,26.815
2019-10-17 22:00:00,26.77
2019-10-17 23:00:00,26.72
2019-10-18,26.68
2019-10-18 01:00:00,26.66
2019-10-18 02:00:00,26.635
2019-10-18 03:00:00,26.6
2019-10-18 04:00:00,26.565
2019-10-18 05:00:00,26.52
2019-10-18 06:00:00,26.475
2019-10-18 07:00:00,26.425
2019-10-18 08:00:00,26.38
2019-10-18 09:00:00,26.345
2019-10-18 10:00:00,26.315
2019-10-18 11:00:00,26.295
2019-10-18 12:00:00,26.29
2019-10-18 14:00:00,26.28
2019-10-18 16:00:00,26.26
2019-10-18 17:00:00,26.23
2019-10-18 18:00:00,26.2
2019-10-18 19:00:00,26.165
2019-10-18 20:00:00,26.135
2019-10-18 21:00:00,26.105
2019-10-18 22:00:00,26.075
2019-10-18 23:00:00,26.055
2019-10-19,26.035
2019-10-19 01:00:00,25.995
2019-10-19 02:00:00,25.975
2019-10-19 03:00:00,25.945
2019-10-19 04:00:00,25.925
2019-10-19 05:00:00,25.895
2019-10-19 06:00:00,25.86
2019-10-19 07:00:00,25.835
2019-10-19 08:00:00,25.805
2019-10-19 09:00:00,25.79
2019-10-19 10:00:00,25.8
2019-10-19 11:00:00,25.82
2019-10-19 12:00:00,25.83
2019-10-19 13:00:00,25.85
2019-10-19 14:00:00,25.875
2019-10-19 15:00:00,25.915
2019-10-19 16:00:00,25.965
2019-10-19 17:00:00,25.975
2019-10-19 18:00:00,25.985
2019-10-19 19:00:00,25.965
2019-10-19 20:00:00,25.935
2019-10-19 21:00:00,25.915
2019-10-19 22:00:00,25.895
2019-10-19 23:00:00,25.865
2019-10-20,25.855
2019-10-20 01:00:00,25.825
2019-10-20 02:00:00,25.805
2019-10-20 03:00:00,25.785
2019-10-20 04:00:00,25.77
2019-10-20 05:00:00,25.75
2019-10-20 06:00:00,25.73
2019-10-20 07:00:00,25.715
2019-10-20 08:00:00,25.685
2019-10-20 09:00:00,25.7
2019-10-20 10:00:00,25.755
2019-10-20 11:00:00,25.87
2019-10-20 12:00:00,25.985
2019-10-20 13:00:00,26.21
2019-10-20 14:00:00,26.445
2019-10-20 15:00:00,26.605
2019-10-20 16:00:00,26.69
2019-10-20 17:00:00,26.765
2019-10-20 18:00:00,26.77
2019-10-20 19:00:00,26.735
2019-10-20 20:00:00,26.655
2019-10-20 21:00:00,26.63
2019-10-20 22:00:00,26.535
2019-10-20 23:00:00,26.43
2019-10-21,26.315
2019-10-21 01:00:00,26.2
2019-10-21 02:00:00,26.095
2019-10-21 03:00:00,26.01
2019-10-21 04:00:00,25.955
2019-10-21 05:00:00,25.905
2019-10-21 06:00:00,25.855
2019-10-21 07:00:00,25.82
2019-10-21 08:00:00,25.8
2019-10-21 09:00:00,25.81
2019-10-21 10:00:00,25.855
2019-10-21 11:00:00,25.925
2019-10-21 12:00:00,25.96
2019-10-21 13:00:00,25.99
2019-10-21 14:00:00,26.01
2019-10-21 15:00:00,26.02
2019-10-21 16:00:00,26.095
2019-10-21 17:00:00,26.135
2019-10-21 18:00:00,26.115
2019-10-21 19:00:00,26.085
2019-10-21 20:00:00,26.055
2019-10-21 21:00:00,26.045
2019-10-21 22:00:00,26
2019-10-21 23:00:00,25.96
2019-10-22,25.935
2019-10-22 01:00:00,25.92
2019-10-22 02:00:00,25.91
2019-10-22 03:00:00,25.895
2019-10-22 04:00:00,25.88
2019-10-22 05:00:00,25.865
2019-10-22 06:00:00,25.85
2019-10-22 07:00:00,25.835
2019-10-22 08:00:00,25.83
2019-10-22 09:00:00,25.86
2019-10-22 10:00:00,25.955
2019-10-22 11:00:00,26.07
2019-10-27 04:00:00,25.79
2019-10-27 05:00:00,25.76
2019-10-27 06:00:00,25.74
2019-10-27 07:00:00,25.72
2019-10-27 08:00:00,25.71
2019-10-27 09:00:00,25.745
2019-10-27 10:00:00,25.87
2019-10-27 11:00:00,25.92
2019-10-27 12:00:00,25.93
2019-10-27 13:00:00,26.015
2019-10-27 14:00:00,26.06
2019-10-27 15:00:00,26.125
2019-10-27 16:00:00,26.22
2019-10-27 17:00:00,26.235
2019-10-27 18:00:00,26.245
2019-10-27 19:00:00,26.22
2019-10-27 20:00:00,26.195
2019-10-27 21:00:00,26.165
2019-10-27 22:00:00,26.125
2019-10-27 23:00:00,26.085
2019-10-28,26.045
2019-10-28 01:00:00,26.005
2019-10-28 02:00:00,25.965
2019-10-28 03:00:00,25.93
2019-10-28 04:00:00,25.905
2019-10-28 05:00:00,25.875
2019-10-28 06:00:00,25.855
2019-10-28 07:00:00,25.835
2019-10-28 08:00:00,25.815
2019-10-28 09:00:00,25.81
2019-10-28 10:00:00,25.87
2019-10-28 11:00:00,26
2019-10-28 12:00:00,26.11
2019-10-28 13:00:00,26.24
2019-10-28 14:00:00,26.62
2019-10-28 16:00:00,26.52
2019-10-28 17:00:00,26.56
2019-10-28 18:00:00,26.65
2019-10-28 19:00:00,26.605
2019-10-28 20:00:00,26.695
2019-10-28 21:00:00,26.65
2019-10-28 22:00:00,26.66
2019-10-28 23:00:00,26.94
2019-10-29,26.755
2019-10-29 01:00:00,26.635
2019-10-29 02:00:00,26.74
2019-10-29 04:00:00,26.755
2019-10-29 05:00:00,26.795
2019-10-29 06:00:00,26.76
2019-10-29 07:00:00,26.71
2019-10-29 08:00:00,26.66
2019-10-29 09:00:00,26.65
2019-10-29 10:00:00,26.695
2019-10-29 11:00:00,26.825
2019-10-29 12:00:00,26.96
2019-10-29 13:00:00,27.065
2019-10-29 14:00:00,27.245
2019-10-29 15:00:00,27.32
2019-10-29 17:00:00,27.21
2019-10-29 18:00:00,27.235
2019-10-29 19:00:00,27.45
2019-10-29 20:00:00,27.81
2019-10-29 21:00:00,27.545
2019-10-29 22:00:00,27.485
2019-10-29 23:00:00,27.355
2019-10-30,27.22
2019-10-30 01:00:00,27.155
2019-10-30 02:00:00,27.05
2019-10-30 03:00:00,26.945
2019-10-30 04:00:00,26.845
2019-10-30 05:00:00,26.765
2019-10-30 06:00:00,26.705
2019-10-30 07:00:00,26.665
2019-10-30 08:00:00,26.635
2019-10-30 09:00:00,26.64
2019-10-30 10:00:00,26.74
2019-10-30 11:00:00,26.925
2019-10-30 12:00:00,27.095
2019-10-30 13:00:00,27.29
2019-10-30 14:00:00,27.44
2019-10-30 15:00:00,27.615
2019-10-30 16:00:00,27.88
2019-10-30 17:00:00,28.015
2019-10-30 18:00:00,28
2019-10-30 19:00:00,27.945
2019-10-30 20:00:00,27.84
2019-10-30 21:00:00,27.82
2019-10-30 22:00:00,27.725
2019-10-30 23:00:00,27.62
2019-10-31,27.52
2019-10-31 01:00:00,27.43
2019-10-31 02:00:00,27.325
2019-10-31 03:00:00,27.22
2019-10-31 04:00:00,27.125
2019-10-31 05:00:00,27.05
2019-10-31 06:00:00,26.985
2019-10-31 07:00:00,26.925
2019-10-31 08:00:00,26.88
2019-10-31 10:00:00,26.98
2019-10-31 11:00:00,27.16
2019-10-31 12:00:00,27.255
2019-10-31 13:00:00,27.375
2019-10-31 14:00:00,27.515
2019-10-31 15:00:00,27.595
2019-10-31 16:00:00,27.675
2019-10-31 17:00:00,27.695
2019-10-31 18:00:00,27.66
2019-10-31 19:00:00,27.59
2019-10-31 20:00:00,27.58
2019-10-31 21:00:00,27.52
2019-10-31 22:00:00,27.46
2019-10-31 23:00:00,27.405
